Code du département;Libellé du département;Etat saisie;Inscrits;Abstentions;% Abs/Ins;Votants;% Vot/Ins;Blancs;% Blancs/Ins;% Blancs/Vot;Nuls;% Nuls/Ins;% Nuls/Vot;Exprimés;% Exp/Ins;% Exp/Vot
1;Ain;Complet;438250;109568;25;328682;75;19802;4,52;6,02;5875;1,34;1,79;303005;69,14;92,19
2;Aisne;Complet;373621;97965;26,22;275656;73,78;14465;3,87;5,25;5694;1,52;2,07;255497;68,38;92,69
3;Allier;Complet;249954;62306;24,93;187648;75,07;13807;5,52;7,36;6435;2,57;3,43;167406;66,97;89,21
4;Alpes-de-Haute-Provence;Complet;128077;31907;24,91;96170;75,09;7648;5,97;7,95;2726;2,13;2,83;85796;66,99;89,21
5;Hautes-Alpes;Complet;113540;27295;24,04;86245;75,96;7359;6,48;8,53;2231;1,96;2,59;76655;67,51;88,88
6;Alpes-Maritimes;Complet;778702;217147;27,89;561555;72,11;30334;3,9;5,4;8607;1,11;1,53;522614;67,11;93,07
7;Ardèche;Complet;255931;62164;24,29;193767;75,71;15797;6,17;8,15;5715;2,23;2,95;172255;67,31;88,9
8;Ardennes;Complet;186119;47998;25,79;138121;74,21;7738;4,16;5,6;3272;1,76;2,37;127111;68,3;92,03
9;Ariège;Complet;119047;29753;24,99;89294;75,01;8576;7,2;9,6;3805;3,2;4,26;76913;64,61;86,13
10;Aube;Complet;205599;51298;24,95;154301;75,05;8693;4,23;5,63;3148;1,53;2,04;142460;69,29;92,33
11;Aude;Complet;279960;68620;24,51;211340;75,49;15152;5,41;7,17;6686;2,39;3,16;189502;67,69;89,67
12;Aveyron;Complet;219481;49491;22,55;169990;77,45;13938;6,35;8,2;6310;2,87;3,71;149742;68,23;88,09
13;Bouches-du-Rhône;Complet;1411579;410706;29,1;1000873;70,9;57930;4,1;5,79;19055;1,35;1,9;923888;65,45;92,31
14;Calvados;Complet;512204;116324;22,71;395880;77,29;23849;4,66;6,02;9505;1,86;2,4;362526;70,78;91,57
15;Cantal;Complet;115741;25815;22,3;89926;77,7;6740;5,82;7,5;2831;2,45;3,15;80355;69,43;89,36
16;Charente;Complet;257508;64403;25,01;193105;74,99;13364;5,19;6,92;6002;2,33;3,11;173739;67,47;89,97
17;Charente-Maritime;Complet;518929;126022;24,29;392907;75,71;26035;5,02;6,63;9693;1,87;2,47;357179;68,83;90,91
18;Cher;Complet;224457;60255;26,84;164202;73,16;12510;5,57;7,62;3793;1,69;2,31;147899;65,89;90,07
19;Corrèze;Complet;185031;42851;23,16;142180;76,84;12700;6,86;8,93;7077;3,82;4,98;122403;66,15;86,09
2A;Corse-du-Sud;Complet;113904;44739;39,28;69165;60,72;4074;3,58;5,89;2336;2,05;3,38;62755;55,09;90,73
2B;Haute-Corse;Complet;129105;50369;39,01;78736;60,99;5283;4,09;6,71;2365;1,83;3;71088;55,06;90,29
21;Côte-d'Or;Complet;366921;89645;24,43;277276;75,57;19231;5,24;6,94;5631;1,53;2,03;252414;68,79;91,03
22;Côtes-d'Armor;Complet;471760;100204;21,24;371556;78,76;26939;5,71;7,25;10963;2,32;2,95;333654;70,73;89,8
23;Creuse;Complet;90958;23481;25,82;67477;74,18;5915;6,5;8,77;2856;3,14;4,23;58706;64,54;87
24;Dordogne;Complet;318129;72606;22,82;245523;77,18;18993;5,97;7,74;10154;3,19;4,14;216376;68,02;88,13
25;Doubs;Complet;368437;95455;25,91;272982;74,09;18084;4,91;6,62;6635;1,8;2,43;248263;67,38;90,94
26;Drôme;Complet;382280;96584;25,27;285696;74,73;21102;5,52;7,39;6682;1,75;2,34;257912;67,47;90,27
27;Eure;Complet;432273;104818;24,25;327455;75,75;19295;4,46;5,89;6325;1,46;1,93;301835;69,83;92,18
28;Eure-et-Loir;Complet;304007;79605;26,19;224402;73,81;13615;4,48;6,07;4858;1,6;2,16;205929;67,74;91,77
29;Finistère;Complet;709818;161974;22,82;547844;77,18;42852;6,04;7,82;12523;1,76;2,29;492469;69,38;89,89
30;Gard;Complet;555274;146844;26,45;408430;73,55;27419;4,94;6,71;9684;1,74;2,37;371327;66,87;90,92
31;Haute-Garonne;Complet;930579;223557;24,02;707022;75,98;51830;5,57;7,33;18810;2,02;2,66;636382;68,39;90,01
32;Gers;Complet;147268;30993;21,05;116275;78,95;9667;6,56;8,31;4003;2,72;3,44;102605;69,67;88,24
33;Gironde;Complet;1158551;288844;24,93;869707;75,07;59845;5,17;6,88;19979;1,72;2,3;789883;68,18;90,82
34;Hérault;Complet;847479;225786;26,64;621693;73,36;41766;4,93;6,72;14618;1,72;2,35;565309;66,7;90,93
35;Ille-et-Vilaine;Complet;771870;169029;21,9;602841;78,1;39489;5,12;6,55;13090;1,7;2,17;550262;71,29;91,28
36;Indre;Complet;166057;41207;24,81;124850;75,19;8704;5,24;6,97;4162;2,51;3,33;111984;67,44;89,69
37;Indre-et-Loire;Complet;440735;109065;24,75;331670;75,25;22207;5,04;6,7;7463;1,69;2,25;302000;68,52;91,05
38;Isère;Complet;885888;229614;25,92;656274;74,08;43484;4,91;6,63;11356;1,28;1,73;601434;67,89;91,64
39;Jura;Complet;190643;45868;24,06;144775;75,94;10903;5,72;7,53;4147;2,18;2,86;129725;68,05;89,6
40;Landes;Complet;329375;73119;22,2;256256;77,8;20730;6,29;8,09;7773;2,36;3,03;227753;69,15;88,88
41;Loir-et-Cher;Complet;244640;58413;23,88;186227;76,12;11879;4,86;6,38;4556;1,86;2,45;169792;69,4;91,17
42;Loire;Complet;513962;136870;26,63;377092;73,37;25382;4,94;6,73;7658;1,49;2,03;344052;66,94;91,24
43;Haute-Loire;Complet;180716;41139;22,76;139577;77,24;10846;6;7,77;4380;2,42;3,14;124351;68,81;89,09
44;Loire-Atlantique;Complet;1056923;255113;24,14;801810;75,86;57816;5,47;7,21;16876;1,6;2,1;727118;68,8;90,68
45;Loiret;Complet;457763;115793;25,3;341970;74,7;20639;4,51;6,04;7118;1,55;2,08;314213;68,64;91,88
46;Lot;Complet;139238;31406;22,56;107832;77,44;10037;7,21;9,31;4634;3,33;4,3;93161;66,91;86,39
47;Lot-et-Garonne;Complet;241312;58106;24,08;183206;75,92;12902;5,35;7,04;6085;2,52;3,32;164219;68,05;89,64
48;Lozère;Complet;59800;13098;21,9;46702;78,1;3950;6,61;8,46;2044;3,42;4,38;40708;68,07;87,17
49;Maine-et-Loire;Complet;589468;138502;23,5;450966;76,5;28361;4,81;6,29;9536;1,62;2,11;413069;70,07;91,6
50;Manche;Complet;384662;91046;23,67;293616;76,33;19057;4,95;6,49;6450;1,68;2,2;268109;69,7;91,31
51;Marne;Complet;380768;99376;26,1;281392;73,9;14853;3,9;5,28;5413;1,42;1,92;261126;68,58;92,8
52;Haute-Marne;Complet;129397;32607;25,2;96790;74,8;5509;4,26;5,69;2465;1,9;2,55;88816;68,64;91,76
53;Mayenne;Complet;224819;51035;22,7;173784;77,3;10441;4,64;6,01;4074;1,81;2,34;159269;70,84;91,65
54;Meurthe-et-Moselle;Complet;492278;133299;27,08;358979;72,92;22233;4,52;6,19;7342;1,49;2,05;329404;66,91;91,76
55;Meuse;Complet;134802;32475;24,09;102327;75,91;5623;4,17;5,5;2244;1,66;2,19;94460;70,07;92,31
56;Morbihan;Complet;609316;135060;22,17;474256;77,83;33469;5,49;7,06;11315;1,86;2,39;429472;70,48;90,56
57;Moselle;Complet;746147;212882;28,53;533265;71,47;30069;4,03;5,64;8535;1,14;1,6;494661;66,3;92,76
58;Nièvre;Complet;154240;41090;26,64;113150;73,36;8093;5,25;7,15;3436;2,23;3,04;101621;65,88;89,81
59;Nord;Complet;1814746;521129;28,72;1293617;71,28;67334;3,71;5,21;26469;1,46;2,05;1199814;66,11;92,75
60;Oise;Complet;564184;145130;25,72;419054;74,28;23913;4,24;5,71;8485;1,5;2,02;386656;68,53;92,27
61;Orne;Complet;205553;48758;23,72;156795;76,28;9537;4,64;6,08;3432;1,67;2,19;143826;69,97;91,73
62;Pas-de-Calais;Complet;1093839;273743;25,03;820096;74,97;38146;3,49;4,65;19502;1,78;2,38;762448;69,7;92,97
63;Puy-de-Dôme;Complet;468146;116494;24,88;351652;75,12;27453;5,86;7,81;10906;2,33;3,1;313293;66,92;89,09
64;Pyrénées-Atlantiques;Complet;519954;124853;24,01;395101;75,99;34380;6,61;8,7;12176;2,34;3,08;348545;67,03;88,22
65;Hautes-Pyrénées;Complet;177444;43423;24,47;134021;75,53;11590;6,53;8,65;5164;2,91;3,85;117267;66,09;87,5
66;Pyrénées-Orientales;Complet;362124;94560;26,11;267564;73,89;17018;4,7;6,36;7436;2,05;2,78;243110;67,13;90,86
67;Bas-Rhin;Complet;778994;197684;25,38;581310;74,62;29137;3,74;5,01;9137;1,17;1,57;543036;69,71;93,42
68;Haut-Rhin;Complet;531918;141261;26,56;390657;73,44;22170;4,17;5,68;5896;1,11;1,51;362591;68,17;92,82
69;Rhône;Complet;1181791;315218;26,67;866573;73,33;49312;4,17;5,69;13997;1,18;1,62;803264;67,97;92,69
70;Haute-Saône;Complet;177724;40529;22,8;137195;77,2;8333;4,69;6,07;4574;2,57;3,33;124288;69,93;90,59
71;Saône-et-Loire;Complet;402996;102315;25,39;300681;74,61;21130;5,24;7,03;7702;1,91;2,56;271849;67,46;90,41
72;Sarthe;Complet;411271;103599;25,19;307672;74,81;22334;5,43;7,26;5771;1,4;1,88;279567;67,98;90,87
73;Savoie;Complet;320730;79968;24,93;240762;75,07;17239;5,37;7,16;5266;1,64;2,19;218257;68,05;90,65
74;Haute-Savoie;Complet;565838;147184;26,01;418654;73,99;26087;4,61;6,23;7367;1,3;1,76;385200;68,08;92,01
75;Paris;Complet;1368623;354489;25,9;1014134;74,1;49412;3,61;4,87;14123;1,03;1,39;950599;69,46;93,74
76;Seine-Maritime;Complet;879656;222740;25,32;656916;74,68;44117;5,02;6,72;11972;1,36;1,82;600827;68,3;91,46
77;Seine-et-Marne;Complet;899809;266519;29,62;633290;70,38;42895;4,77;6,77;11613;1,29;1,83;578782;64,32;91,39
78;Yvelines;Complet;961628;254934;26,51;706694;73,49;40934;4,26;5,79;11376;1,18;1,61;654384;68,05;92,6
79;Deux-Sèvres;Complet;273264;64481;23,6;208783;76,4;13581;4,97;6,5;5606;2,05;2,69;189596;69,38;90,81
80;Somme;Complet;409946;98487;24,02;311459;75,98;16994;4,15;5,46;6930;1,69;2,23;287535;70,14;92,32
81;Tarn;Complet;298180;71489;23,98;226691;76,02;17176;5,76;7,58;8306;2,79;3,66;201209;67,48;88,76
82;Tarn-et-Garonne;Complet;188728;43807;23,21;144921;76,79;10150;5,38;7;4498;2,38;3,1;130273;69,03;89,89
83;Var;Complet;821141;214221;26,09;606920;73,91;33343;4,06;5,49;10720;1,31;1,77;562857;68,55;92,74
84;Vaucluse;Complet;411727;106789;25,94;304938;74,06;18440;4,48;6,05;6318;1,53;2,07;280180;68,05;91,88
85;Vendée;Complet;551209;120713;21,9;430496;78,1;25046;4,54;5,82;10184;1,85;2,37;395266;71,71;91,82
86;Vienne;Complet;306076;76152;24,88;229924;75,12;15638;5,11;6,8;6062;1,98;2,64;208224;68,03;90,56
87;Haute-Vienne;Complet;263777;64447;24,43;199330;75,57;15884;6,02;7,97;8854;3,36;4,44;174592;66,19;87,59
88;Vosges;Complet;277925;67785;24,39;210140;75,61;12592;4,53;5,99;5153;1,85;2,45;192395;69,23;91,56
89;Yonne;Complet;237969;61725;25,94;176244;74,06;11099;4,66;6,3;3938;1,65;2,23;161207;67,74;91,47
90;Territoire de Belfort;Complet;93748;25021;26,69;68727;73,31;4542;4,84;6,61;1996;2,13;2,9;62189;66,34;90,49
91;Essonne;Complet;799860;234023;29,26;565837;70,74;37018;4,63;6,54;11342;1,42;2;517477;64,7;91,45
92;Hauts-de-Seine;Complet;998191;257547;25,8;740644;74,2;46366;4,65;6,26;7469;0,75;1,01;686809;68,81;92,73
93;Seine-Saint-Denis;Complet;794364;308171;38,79;486193;61,21;34637;4,36;7,12;9278;1,17;1,91;442278;55,68;90,97
94;Val-de-Marne;Complet;796782;245481;30,81;551301;69,19;36107;4,53;6,55;10117;1,27;1,84;505077;63,39;91,62
95;Val-d'Oise;Complet;733876;238978;32,56;494898;67,44;32485;4,43;6,56;9138;1,25;1,85;453275;61,76;91,59
ZA;Guadeloupe;Complet;315941;166884;52,82;149057;47,18;8511;2,69;5,71;8211;2,6;5,51;132335;41,89;88,78
ZB;Martinique;Complet;304670;166201;54,55;138469;45,45;11198;3,68;8,09;7353;2,41;5,31;119918;39,36;86,6
ZC;Guyane;Complet;103058;62970;61,1;40088;38,9;3064;2,97;7,64;1217;1,18;3,04;35807;34,74;89,32
ZD;La Réunion;Complet;676058;274522;40,61;401536;59,39;20485;3,03;5,1;16760;2,48;4,17;364291;53,88;90,72
ZM;Mayotte;Complet;92421;50380;54,51;42041;45,49;1595;1,73;3,79;2045;2,21;4,86;38401;41,55;91,34
ZN;Nouvelle-Calédonie;Complet;218713;142591;65,2;76122;34,8;3030;1,39;3,98;1337;0,61;1,76;71755;32,81;94,26
ZP;Polynésie française;Complet;205633;118714;57,73;86919;42,27;2398;1,17;2,76;1718;0,84;1,98;82803;40,27;95,26
ZS;Saint-Pierre-et-Miquelon;Complet;5043;2164;42,91;2879;57,09;219;4,34;7,61;139;2,76;4,83;2521;49,99;87,57
ZW;Wallis et Futuna;Complet;9514;3674;38,62;5840;61,38;82;0,86;1,4;79;0,83;1,35;5679;59,69;97,24
ZX;Saint-Martin/Saint-Barthélemy;Complet;24435;15107;61,83;9328;38,17;471;1,93;5,05;220;0,9;2,36;8637;35,35;92,59
ZZ;Français établis hors de France;Complet;1427918;876432;61,38;551486;38,62;15292;1,07;2,77;3490;0,24;0,63;532704;37,31;96,59
